<?xml version="1.0" encoding="UTF-8"?>
<beans xmlns="http://www.springframework.org/schema/beans"
	xmlns:xsi="http://www.w3.org/2001/XMLSchema-instance" xmlns:context="http://www.springframework.org/schema/context"
	xmlns:mongo="http://www.springframework.org/schema/data/mongo"
	xsi:schemaLocation="http://www.springframework.org/schema/context
          http://www.springframework.org/schema/context/spring-context-3.0.xsd
          http://www.springframework.org/schema/data/mongo
          http://www.springframework.org/schema/data/mongo/spring-mongo-1.0.xsd
          http://www.springframework.org/schema/beans
          http://www.springframework.org/schema/beans/spring-beans-3.0.xsd">

	<context:annotation-config />

	<mongo:mongo host="localhost" port="27017" />
	<mongo:db-factory dbname="Demo" host="localhost" port="27017" />

	<bean id="mongoTemplate" class="org.springframework.data.mongodb.core.MongoTemplate">
		<constructor-arg name="mongoDbFactory" ref="mongoDbFactory" />
	</bean>

	<!-- <bean id="songService" class="com.tma.service.SongServiceImpl"> -->
	<!-- </bean> -->
	<!-- <bean id="userService" class="com.tma.service.UserService"></bean> -->
	<!-- <bean id="songService" class="com.tma.service.SongService"></bean> -->

	<mongo:repositories base-package="com.tma.dao">
	</mongo:repositories>

</beans>
