<?xml version="1.0" encoding="UTF-8" ?>
<!DOCTYPE log4j:configuration SYSTEM "log4j.dtd">
<log4j:configuration debug="false" xmlns:log4j="http://jakarta.apache.org/log4j/">
	<appender name="CONSOLE_LOG" class="org.apache.log4j.ConsoleAppender">
		<layout class="org.apache.log4j.PatternLayout">
			<param name="ConversionPattern" value="[%d{EEE MMM yyyy HH:mm:ss.SSS}] %5p [%X{accountId}] (%c:%L) - %m%n" />
		</layout>
	</appender>
	<logger name="com.mangofactory" additivity="false">
		<level value="DEBUG" />
		<appender-ref ref="CONSOLE_LOG" />
	</logger>
	<logger name="org.springframework" additivity="false">
		<level value="DEBUG" />
		<appender-ref ref="CONSOLE_LOG" />
	</logger>
	<root>
		<level value="DEBUG" />
		<appender-ref ref="CONSOLE_LOG" />
	</root>
</log4j:configuration>